account_id,account_name,campaign_id,campaign_name,account_currency,reach,impressions,clicks,cpc,spend
701970735050548,[Mastecard] PicPay - Crédito Garantido,23857298773760177,jussi_pp-master_reposicionamento__institucional_awareness_fb-ig_social,BRL,57803553,163146752,185830,1.54727,287529.27
701970735050548,[Mastecard] PicPay - Crédito Garantido,23857586243150177,jussi_pp-master_reposicionamento__institucional_aquisicao_fb-ig_social,BRL,20883917,133835215,492566,1.913038,942297.69
701970735050548,[Mastecard] PicPay - Crédito Garantido,23861756909470177,jussi_pp-master_reposicionamento__institucional_performance_fb-ig_social,BRL,8930298,41787641,191350,1.672328,320000
701970735050548,[Mastecard] PicPay - Crédito Garantido,120200499753020178,jussi_pp-master_reposicionamento__institucional_performance_fb-ig_social_teste,BRL,2410552,7059183,24561,2.526136,62044.42
701970735050548,[Mastecard] PicPay - Crédito Garantido,120201866166750178,jussi_pp-master_reposicionamento__institucional_performance_fb-ig_social_advantagecampaing Campanha,BRL,11049040,43428654,46035,2.100032,96674.96
